Model,ROC-AUC,Top10 Recall
Logistic Regression,0.7061716361073536,0.0
Random Forest,0.6934567452152792,0.022388059701492536
XGBoost,0.6661413988700822,0.21641791044776118
